id,name,role,image_url,small_image_url,link,average_rating,ratings_count,text_reviews_count,about
1053939,Michael Mosley,,"
https://images.gr-assets.com/authors/1457940358p5/1053939.jpg
","
https://images.gr-assets.com/authors/1457940358p2/1053939.jpg
",https://www.goodreads.com/author/show/1053939.Michael_Mosley,3.83,20870,1397,"Michael Mosley (born 22 March 1957) is a British television journalist, producer and presenter who has worked for the BBC since 1985. He is probably best known as a presenter of television programmes on biology and medicine and his regular appearances on The One Show.<br /><br />Born in Kolkata, India, the son of a bank director, Mosley studied philosophy, politics and economics at New College, Oxford before working for two years as a banker in the City of London. He then decided to move into..."
19495574,N.L. Hinkens,,"
https://s.gr-assets.com/assets/nophoto/user/u_200x266-e183445fd1a1b5cc7075bb1cf7043306.png
","
https://s.gr-assets.com/assets/nophoto/user/u_50x66-632230dc9882b4352d753eedf9396530.png
",https://www.goodreads.com/author/show/19495574.N_L_Hinkens,4.06,3195,405,"Pseudonym for author <a href=""https://www.goodreads.com/author/show/14682662._Norma_Hinkens"" title="" Norma Hinkens"" rel=""nofollow noopener""> Norma Hinkens</a>"
76360,Matt Haig,,"
https://images.gr-assets.com/authors/1296764418p5/76360.jpg
","
https://images.gr-assets.com/authors/1296764418p2/76360.jpg
",https://www.goodreads.com/author/show/76360.Matt_Haig,4.02,288207,37584,"Matt Haig was born in Sheffield, England in1975. He writes books for both adults and children, often blending the worlds of domestic reality and outright fantasy, with a quirky twist. His bestselling novels are translated into 28 languages. The Guardian has described his writing as 'delightfully weird' and the New York Times has called him 'a novelist of great talent' whose writing is 'funny, riveting and heartbreaking'. <br /> <br />His novels for adults are The Last Family in England, narra..."
16903,Christopher Buckley,,"
https://images.gr-assets.com/authors/1191422295p5/16903.jpg
","
https://images.gr-assets.com/authors/1191422295p2/16903.jpg
",https://www.goodreads.com/author/show/16903.Christopher_Buckley,3.79,58298,6493,"Christopher Buckley graduated cum laude from Yale University in 1976. He shipped out in the Merchant Marine and at age 24 became managing editor of Esquire magazine. At age 29, he became chief speechwriter to the Vice President of the United States, George H.W. Bush. Since 1989 he has been founder and editor-in-chief of Forbes Life magazine.<br /><br /><i>Librarian Note: There is more than one author in the GoodReads database with this name. <a href=""https://www.goodreads.com/topic/show/44217..."
194243,Louise Penny,,"
https://images.gr-assets.com/authors/1591027995p5/194243.jpg
","
https://images.gr-assets.com/authors/1591027995p2/194243.jpg
",https://www.goodreads.com/author/show/194243.Louise_Penny,4.18,860986,83655,"LOUISE PENNY is the author of the #1 New York Times and Globe and Mail bestselling series of Chief Inspector Armand Gamache novels. She has won numerous awards, including a CWA Dagger and the Agatha Award (seven times), and was a finalist for the Edgar Award for Best Novel. In 2017, she received the Order of Canada for her contributions to Canadian culture. Louise lives in a small village south of Montréal."
17989443,شمس حجازي,,"
https://s.gr-assets.com/assets/nophoto/user/u_200x266-e183445fd1a1b5cc7075bb1cf7043306.png
","
https://s.gr-assets.com/assets/nophoto/user/u_50x66-632230dc9882b4352d753eedf9396530.png
",https://www.goodreads.com/author/show/17989443._,4.56,34,6,
20338227,زهرة محمد علي,Illustrator,"
https://s.gr-assets.com/assets/nophoto/user/u_200x266-e183445fd1a1b5cc7075bb1cf7043306.png
","
https://s.gr-assets.com/assets/nophoto/user/u_50x66-632230dc9882b4352d753eedf9396530.png
",https://www.goodreads.com/author/show/20338227._,4.56,9,0,
20375179,Kalynn Bayron,,"
https://s.gr-assets.com/assets/nophoto/user/u_200x266-e183445fd1a1b5cc7075bb1cf7043306.png
","
https://s.gr-assets.com/assets/nophoto/user/u_50x66-632230dc9882b4352d753eedf9396530.png
",https://www.goodreads.com/author/show/20375179.Kalynn_Bayron,3.91,527,91,
14681795,Emily Carpenter,,"
https://images.gr-assets.com/authors/1536582392p5/14681795.jpg
","
https://images.gr-assets.com/authors/1536582392p2/14681795.jpg
",https://www.goodreads.com/author/show/14681795.Emily_Carpenter,3.88,37156,3608,
4809447,Soraya M. Lane,,"
https://images.gr-assets.com/authors/1550453390p5/4809447.jpg
","
https://images.gr-assets.com/authors/1550453390p2/4809447.jpg
",https://www.goodreads.com/author/show/4809447.Soraya_M_Lane,4.12,49612,4211,"Soraya M. Lane is the Amazon Charts bestselling author of Wives of War and The Girls of Pearl Harbor. <br /><br />Soraya's most recent release, The Last Correspondent, was published on Nov 1st, 2020, and it's already an Amazon #1 bestseller with over 3,500 Amazon reviews!<br /> <br /><br />As a child, Soraya dreamed of becoming an author. Fast forward more than a few years, and Soraya is now living her dream! Soraya describes being an author as ""the best career in the world"", and she hopes to..."
8133527,محمد علی صمدی,,"
https://s.gr-assets.com/assets/nophoto/user/u_200x266-e183445fd1a1b5cc7075bb1cf7043306.png
","
https://s.gr-assets.com/assets/nophoto/user/u_50x66-632230dc9882b4352d753eedf9396530.png
",https://www.goodreads.com/author/show/8133527._,3.92,24,6,
6536659,Melissa F. Olson,,"
https://images.gr-assets.com/authors/1383759623p5/6536659.jpg
","
https://images.gr-assets.com/authors/1383759623p2/6536659.jpg
",https://www.goodreads.com/author/show/6536659.Melissa_F_Olson,4.12,64433,4710,"Melissa Olson was born and raised in Chippewa Falls, Wisconsin, and studied film and literature at the University of Southern California in Los Angeles. After graduation, and a brief stint bouncing around the Hollywood studio system, Melissa landed in Madison, WI, where she eventually acquired a master's degree from UW-Milwaukee, a husband, a mortgage, a teaching gig, two kids, and two comically oversized dogs, not at all in that order. She loves Madison, but still dreams of the food in LA. L..."
19799126,Nev March,,"
https://images.gr-assets.com/authors/1592779208p5/19799126.jpg
","
https://images.gr-assets.com/authors/1592779208p2/19799126.jpg
",https://www.goodreads.com/author/show/19799126.Nev_March,3.99,515,303,"Nev March is the winner of the Minotaur Books/Mystery Writers of America First Crime Novel Award. <br /><br />Leaving a long career in business analysis in 2015 she returned to her passion, writing fiction. She is a member of MWA, the Hunterdon County Library Write-Group and volunteers with non-profit organizations. <br /><br />A Parsee Zoroastrian herself, Nev lives with her husband and two sons in New Jersey. Murder in Old Bombay is her debut novel. "
20363913,Dylin Redling,,"
https://images.gr-assets.com/authors/1591135317p5/20363913.jpg
","
https://images.gr-assets.com/authors/1591135317p2/20363913.jpg
",https://www.goodreads.com/author/show/20363913.Dylin_Redling,4.04,24,6,"Dylin Redling was born in Los Angeles, California, and grew up in New Jersey and Ohio. He moved to New York City in 1994 where he met his future wife, Allison Tom. He and Allison moved to San Francisco in 1995, where they worked for several Internet tech companies. They both got laid off from their jobs in 2015 and then discovered the F.I.R.E. movement (Financial Independence / Retiring Early). In 2016, they launched the site RetireBy45.com to provide inspiration, tips, and resources for reti..."
20363914,Allison Tom,,"
https://images.gr-assets.com/authors/1592249272p5/20363914.jpg
","
https://images.gr-assets.com/authors/1592249272p2/20363914.jpg
",https://www.goodreads.com/author/show/20363914.Allison_Tom,4.04,24,6,"Allison Tom grew up in New York, and she learned the art of writing from the illustrious Frank McCourt. She attended Dartmouth College in New Hampshire, where she graduated with a B.A. in Psychology and Education. Allison moved to the Bay Area, CA, and she worked as a Project Manager at a number of consulting and technology companies. She was laid off from her most recent (and last!) job in 2015 and retired early with her husband, Dylin. They created two blogs, <a target=""_blank"" rel=""noopene..."
18601160,Syed M. Masood,,"
https://s.gr-assets.com/assets/nophoto/user/m_200x266-d279b33f8eec0f27b7272477f09806be.png
","
https://s.gr-assets.com/assets/nophoto/user/m_50x66-82093808bca726cb3249a493fbd3bd0f.png
",https://www.goodreads.com/author/show/18601160.Syed_M_Masood,4.11,1001,480,
17953256,J.M. Dalgliesh,,"
https://images.gr-assets.com/authors/1529305304p5/17953256.jpg
","
https://images.gr-assets.com/authors/1529305304p2/17953256.jpg
",https://www.goodreads.com/author/show/17953256.J_M_Dalgliesh,4.22,25033,730,"Jason Dalgliesh was born on the south coast of England and grew up in Hampshire, UK. He has worked in the power transmission industry, the retail sector, call centres and as a night-owl in a bakery. His greatest challenge of all is ongoing, as a stay at home parent.<br /><br />He is presently writing the Dark Yorkshire crime-series, featuring DI Nathaniel Caslin.<br /><br />The novels are set in Yorkshire, England. The medieval City of York is Caslin's home town and the plot lines take in som..."
10305,Geoff Johns,,"
https://images.gr-assets.com/authors/1403679910p5/10305.jpg
","
https://images.gr-assets.com/authors/1403679910p2/10305.jpg
",https://www.goodreads.com/author/show/10305.Geoff_Johns,3.97,317270,20150,"Geoff Johns originally hails from Detroit, Michigan. He attended Michigan State University, where he earned a degree in Media Arts and Film. He moved to Los Angeles in the late 1990s in search of work within the film industry. Through perseverance, Geoff ended up as the assistant to Richard Donner, working on Conspiracy Theory and Lethal Weapon 4. During that time, he also began his comics career writing Stars and S.T.R.I.P.E. and JSA (co-written with David S. Goyer) for DC Comics. He worked ..."
57742,Gary Frank,Illustrator,"
https://images.gr-assets.com/authors/1506558361p5/57742.jpg
","
https://images.gr-assets.com/authors/1506558361p2/57742.jpg
",https://www.goodreads.com/author/show/57742.Gary_Frank,4.02,82420,6177,<i>There is more than one author with this name</i>
7857529,Joseph L. Badaracco,,"
https://s.gr-assets.com/assets/nophoto/user/u_200x266-e183445fd1a1b5cc7075bb1cf7043306.png
","
https://s.gr-assets.com/assets/nophoto/user/u_50x66-632230dc9882b4352d753eedf9396530.png
",https://www.goodreads.com/author/show/7857529.Joseph_L_Badaracco,4.11,18,2,
20868908,Martyn  Ford,,"
https://s.gr-assets.com/assets/nophoto/user/m_200x266-d279b33f8eec0f27b7272477f09806be.png
","
https://s.gr-assets.com/assets/nophoto/user/m_50x66-82093808bca726cb3249a493fbd3bd0f.png
",https://www.goodreads.com/author/show/20868908.Martyn_Ford,3.61,1584,133,
2522,Zadie Smith,,"
https://images.gr-assets.com/authors/1478188567p5/2522.jpg
","
https://images.gr-assets.com/authors/1478188567p2/2522.jpg
",https://www.goodreads.com/author/show/2522.Zadie_Smith,3.68,354532,28101,"Zadie Smith is the author of the novels <i>White Teeth, The Autograph Man, On Beauty, NW,</i> and <i>Swing Time</i>, as well as two collections of essays, <i>Changing My Mind</i> and <i>Feel Free</i>. Zadie was elected a fellow of the Royal Society of Literature in 2002, and was listed as one of Granta's 20 Best Young British Novelists in 2003 and again in 2013. <i>White Teeth</i> won multiple literary awards including the James Tait Black Memorial Prize, the Whitbread First Novel Award and t..."
4425884,Rumaan Alam,,"
https://images.gr-assets.com/authors/1590769542p5/4425884.jpg
","
https://images.gr-assets.com/authors/1590769542p2/4425884.jpg
",https://www.goodreads.com/author/show/4425884.Rumaan_Alam,3.19,39362,6428,"I'm the author of the novels Rich and Pretty and That Kind of Mother; my third book, Leave the World Behind, will be published this fall.<br /><br />My short fiction has appeared in StoryQuarterly, Crazyhorse, Meridian, and elsewhere. I've also written for the New York Times, the New Yorker, the Wall Street Journal, and the New Republic, where I am a contributing editor. I co-host two podcasts for Slate, where I am also one of the parenting advice columnists. I studied writing at Oberlin Coll..."
4860073,Deborah Feldman,,"
https://s.gr-assets.com/assets/nophoto/user/f_200x266-3061b784cc8e7f021c6430c9aba94587.png
","
https://s.gr-assets.com/assets/nophoto/user/f_50x66-6a03a5c12233c941481992b82eea8d23.png
",https://www.goodreads.com/author/show/4860073.Deborah_Feldman,3.90,41371,4084,"Deborah Feldman was born and raised in the Hasidic community of Satmar in Williamsburg, Brooklyn. Her marriage was arranged at the age of 17, and her son was born two years later.<br /><br />At the age of 25 she published the New York Times Bestselling memoir, UNORTHODOX: The Scandalous Rejection of My Hasidic Roots (Simon and Schuster, 2012) <br /><br />She currently lives with her son in Berlin, Germany."
18169151,Éric Vall,,"
https://s.gr-assets.com/assets/nophoto/user/u_200x266-e183445fd1a1b5cc7075bb1cf7043306.png
","
https://s.gr-assets.com/assets/nophoto/user/u_50x66-632230dc9882b4352d753eedf9396530.png
",https://www.goodreads.com/author/show/18169151._ric_Vall,4.35,45919,3543,
19501038,Jennifer Risher,,"
https://images.gr-assets.com/authors/1569508853p5/19501038.jpg
","
https://images.gr-assets.com/authors/1569508853p2/19501038.jpg
",https://www.goodreads.com/author/show/19501038.Jennifer_Risher,3.78,110,37,"Jennifer Risher was born in Seattle, Washington, grew up in Oregon, and graduated from Connecticut College. She joined Microsoft in 1991 where she worked as a recruiter and then as a product manager. She and her husband, David, have two daughters and live in San Francisco, where David is CEO of Worldreader, a nonprofit he cofounded with a mission to create a world where everyone is a reader. In May, 2020 Jennifer and David launched the #HalfMyDAF challenge to inspire more giving. We Need to T..."
39065,Susan Straight,,"
https://images.gr-assets.com/authors/1270497091p5/39065.jpg
","
https://images.gr-assets.com/authors/1270497091p2/39065.jpg
",https://www.goodreads.com/author/show/39065.Susan_Straight,3.92,6364,841,"<br />Susan Straight's newest novel is ""Between Heaven and Here."" It is the last in the Rio Seco Trilogy, which began with ""A Million Nightingales"" and ""Take One Candle Light a Room."" She has published eight novels, a novel for young readers and a children's book. She has also written essays and articles for numerous national publications, including The New York Times, Los Angeles Times, The Nation and Harper's Magazine, and is a frequent contributor to NPR and Salon.com. <br /><br />Her stor..."
882864,Jason Vail,,"
https://s.gr-assets.com/assets/nophoto/user/u_200x266-e183445fd1a1b5cc7075bb1cf7043306.png
","
https://s.gr-assets.com/assets/nophoto/user/u_50x66-632230dc9882b4352d753eedf9396530.png
",https://www.goodreads.com/author/show/882864.Jason_Vail,4.13,9419,395,
3079953,Emily Gray Tedrowe,,"
https://images.gr-assets.com/authors/1415902080p5/3079953.jpg
","
https://images.gr-assets.com/authors/1415902080p2/3079953.jpg
",https://www.goodreads.com/author/show/3079953.Emily_Gray_Tedrowe,3.48,2581,562,"Emily Gray Tedrowe is the Chicago-based author of the novels The Talented Miss Farwell, Blue Stars, and Commuters. She earned a PhD in English literature from New York University, and a BA from Princeton University. She has received an Illinois Arts Council award as well as fellowships from the Ragdale Foundation, Virginia Center for the Creative Arts, and the Sewanee Writers Conference. A frequent book reviewer for USA Today and other publications, Tedrowe also writes essays, interviews, and..."
703350,Lori Soderlind,,"
https://s.gr-assets.com/assets/nophoto/user/u_200x266-e183445fd1a1b5cc7075bb1cf7043306.png
","
https://s.gr-assets.com/assets/nophoto/user/u_50x66-632230dc9882b4352d753eedf9396530.png
",https://www.goodreads.com/author/show/703350.Lori_Soderlind,3.17,23,6,
8573519,Ruby Dixon,,"
https://images.gr-assets.com/authors/1525229264p5/8573519.jpg
","
https://images.gr-assets.com/authors/1525229264p2/8573519.jpg
",https://www.goodreads.com/author/show/8573519.Ruby_Dixon,4.04,245833,23070,"Ruby Dixon is the secret penname of a New York Times and USA Today Bestselling Author. As Ruby, she writes sexy barbarian aliens, grumpy shifters, and domineering bikers."
6436742,Isabella Maldonado,,"
https://images.gr-assets.com/authors/1606147050p5/6436742.jpg
","
https://images.gr-assets.com/authors/1606147050p2/6436742.jpg
",https://www.goodreads.com/author/show/6436742.Isabella_Maldonado,4.23,10252,814,"Award-winning author Isabella Maldonado wore a gun and badge in real life before turning to crime writing. A graduate of the FBI National Academy in Quantico and the first Latina to attain the rank of captain in her police department, she retired as the Commander of Special Investigations and Forensics. During more than two decades on the force, her assignments included hostage negotiator, department spokesperson, and precinct commander. She uses her law enforcement background to bring a real..."
15756944,Jill Orr,,"
https://images.gr-assets.com/authors/1505186524p5/15756944.jpg
","
https://images.gr-assets.com/authors/1505186524p2/15756944.jpg
",https://www.goodreads.com/author/show/15756944.Jill_Orr,3.95,2917,419,
4039811,Veronica Roth,,"
https://images.gr-assets.com/authors/1588707274p5/4039811.jpg
","
https://images.gr-assets.com/authors/1588707274p2/4039811.jpg
",https://www.goodreads.com/author/show/4039811.Veronica_Roth,4.05,5574269,275295,"Veronica Roth is the #1 New York Times best-selling author of the Divergent series (Divergent, Insurgent, Allegiant, and Four: A Divergent Collection), the Carve the Mark duology (Carve the Mark, the Fates Divide), The End and Other Beginnings collection of short fiction, and many short stories and essays. Her first book for adult audiences, Chosen Ones, is out now. She lives in Chicago.<br /><br /><a href=""http://eepurl.com/dcqzr1"" rel=""nofollow noopener"">Sign up for Veronica's newsletter</a..."
19123925,Dave Daren,,"
https://s.gr-assets.com/assets/nophoto/user/u_200x266-e183445fd1a1b5cc7075bb1cf7043306.png
","
https://s.gr-assets.com/assets/nophoto/user/u_50x66-632230dc9882b4352d753eedf9396530.png
",https://www.goodreads.com/author/show/19123925.Dave_Daren,4.14,2315,78,
18662196,Jenny Hambly,,"
https://images.gr-assets.com/authors/1543744458p5/18662196.jpg
","
https://images.gr-assets.com/authors/1543744458p2/18662196.jpg
",https://www.goodreads.com/author/show/18662196.Jenny_Hambly,4.23,1599,101,"I love history and the Regency period in particular. I grew up on a diet of Jane Austen, Charlotte and Emile Bronte, and Georgette Heyer. <br /><br />I now write traditional Regency romance novels. I like to think my characters, though flawed, are likeable, strong, and true to the period. Rosalind is the first in my Bachelor Brides series. Sophie and Katherine complete the series. The books are linked by characters introduced in each. They can be read as stand-alone novels, but are best read ..."
20417270,Mary L. Trump,,"
https://s.gr-assets.com/assets/nophoto/user/f_200x266-3061b784cc8e7f021c6430c9aba94587.png
","
https://s.gr-assets.com/assets/nophoto/user/f_50x66-6a03a5c12233c941481992b82eea8d23.png
",https://www.goodreads.com/author/show/20417270.Mary_L_Trump,3.89,55987,8890,"Mary L. Trump, born May 1965, a clinical psychologist, is the oldest child of Fred Trump Jr., and the oldest grandchild of Fred Trump Sr. Mary's father died in 1981 at the age of 42 from a heart attack due to alcoholism."
10029,Colson Whitehead,,"
https://images.gr-assets.com/authors/1561996933p5/10029.jpg
","
https://images.gr-assets.com/authors/1561996933p2/10029.jpg
",https://www.goodreads.com/author/show/10029.Colson_Whitehead,4.05,482741,47317,"I'm the author of the novels<i> Zone One</i>;<i> Sag Harbor</i>;<i> The Intuitionist</i>, a finalist for the PEN/Hemingway award; <i>John Henry Days</i>, which won the Young Lions Fiction Award, the Anisfield-Wolf Book Award, and was a finalist for the Pulitzer Prize; and <i>Apex Hides the Hurt</i>, winner of the PEN Oakland Award. I've also written a book of essays about my home town, <i>The Colossus of New York,</i> and a non-fiction account of the 2011 World Series of Poker called <i>The N..."
3448468,Rachel Rooney,,"
https://s.gr-assets.com/assets/nophoto/user/u_200x266-e183445fd1a1b5cc7075bb1cf7043306.png
","
https://s.gr-assets.com/assets/nophoto/user/u_50x66-632230dc9882b4352d753eedf9396530.png
",https://www.goodreads.com/author/show/3448468.Rachel_Rooney,4.02,347,94,
5160859,Zehra Hicks,Illustrator,"
https://s.gr-assets.com/assets/nophoto/user/u_200x266-e183445fd1a1b5cc7075bb1cf7043306.png
","
https://s.gr-assets.com/assets/nophoto/user/u_50x66-632230dc9882b4352d753eedf9396530.png
",https://www.goodreads.com/author/show/5160859.Zehra_Hicks,3.81,258,41,
12665,Cecily von Ziegesar,,"
https://s.gr-assets.com/assets/nophoto/user/f_200x266-3061b784cc8e7f021c6430c9aba94587.png
","
https://s.gr-assets.com/assets/nophoto/user/f_50x66-6a03a5c12233c941481992b82eea8d23.png
",https://www.goodreads.com/author/show/12665.Cecily_von_Ziegesar,3.62,285223,9432,"Cecily von Ziegesar is the #1 New York Times bestselling author of the Gossip Girl novels, upon which the hit television show is based. She lives in Brooklyn, New York with her family.<br /><br />"
20422136,Luis Murillo Fort,Translator,"
https://s.gr-assets.com/assets/nophoto/user/u_200x266-e183445fd1a1b5cc7075bb1cf7043306.png
","
https://s.gr-assets.com/assets/nophoto/user/u_50x66-632230dc9882b4352d753eedf9396530.png
",https://www.goodreads.com/author/show/20422136.Luis_Murillo_Fort,4.23,299,64,
16831815,Leah Franqui,,"
https://s.gr-assets.com/assets/nophoto/user/u_200x266-e183445fd1a1b5cc7075bb1cf7043306.png
","
https://s.gr-assets.com/assets/nophoto/user/u_50x66-632230dc9882b4352d753eedf9396530.png
",https://www.goodreads.com/author/show/16831815.Leah_Franqui,3.89,5916,1096,
6252,Robert Jordan,,"
https://images.gr-assets.com/authors/1538507642p5/6252.jpg
","
https://images.gr-assets.com/authors/1538507642p2/6252.jpg
",https://www.goodreads.com/author/show/6252.Robert_Jordan,4.17,2420955,61002,"<i>Librarian Note: There is more than one author in the Goodreads database with this name.</i><br /><br />Robert Jordan was the pen name of James Oliver Rigney, Jr., under which he was best known as the author of the bestselling The Wheel of Time fantasy series. He also wrote under the names <a href=""https://www.goodreads.com/author/show/108933.Reagan_O_Neal"" rel=""nofollow noopener"">Reagan O'Neal</a> and <a href=""https://www.goodreads.com/author/show/943931.Jackson_O_Reilly"" title=""Jackson O'..."
19564,Neal Shusterman,,"
https://images.gr-assets.com/authors/1246977170p5/19564.jpg
","
https://images.gr-assets.com/authors/1246977170p2/19564.jpg
",https://www.goodreads.com/author/show/19564.Neal_Shusterman,4.22,736821,95331,"Award-winning author Neal Shusterman grew up in Brooklyn, New York, where he began writing at an early age. After spending his junior and senior years of high school at the American School of Mexico City, Neal went on to UC Irvine, where he made his mark on the UCI swim team, and wrote a successful humor column. Within a year of graduating, he had his first book deal, and was hired to write a movie script.<br /><br />In the years since, Neal has made his mark as a successful novelist, screenw..."
17088554,Talia Hibbert,,"
https://images.gr-assets.com/authors/1544037896p5/17088554.jpg
","
https://images.gr-assets.com/authors/1544037896p2/17088554.jpg
",https://www.goodreads.com/author/show/17088554.Talia_Hibbert,3.94,85166,17349,"Talia Hibbert is a USA Today bestselliing author who lives in a bedroom full of books. Supposedly, there is a world beyond that room, but she has yet to drum up enough interest to investigate.<br /><br />She writes sexy, diverse romance because she believes that people of marginalised identities need honest and positive representation. Her interests include beauty, junk food, and unnecessary sarcasm. She also rambles intermittently about the romance genre online.<br /><br />Talia self-publish..."
15258992,K. Patrick Donoghue,,"
https://images.gr-assets.com/authors/1491518376p5/15258992.jpg
","
https://images.gr-assets.com/authors/1491518376p2/15258992.jpg
",https://www.goodreads.com/author/show/15258992.K_Patrick_Donoghue,4.12,9024,539,"K. Patrick Donoghue is the author of two series; the Anlon Cully Chronicles, an archaeology-based mystery-thriller series, and the Rorschach Explorer Missions, a new sci-fi thriller series. <br /><br />Patrick's inspiration for the Anlon Cully Chronicles is rooted in his long-standing interest in ancient civilizations. In particular, a series of still-unexplained archaeological discoveries that suggest at least one advanced society thrived on Earth long before consensus views.<br /><br />In s..."
8588859,Cody Smith,,"
https://s.gr-assets.com/assets/nophoto/user/u_200x266-e183445fd1a1b5cc7075bb1cf7043306.png
","
https://s.gr-assets.com/assets/nophoto/user/u_50x66-632230dc9882b4352d753eedf9396530.png
",https://www.goodreads.com/author/show/8588859.Cody_Smith,4.21,82,34,
15944630,Logan Jacobs,,"
https://s.gr-assets.com/assets/nophoto/user/u_200x266-e183445fd1a1b5cc7075bb1cf7043306.png
","
https://s.gr-assets.com/assets/nophoto/user/u_50x66-632230dc9882b4352d753eedf9396530.png
",https://www.goodreads.com/author/show/15944630.Logan_Jacobs,4.33,26217,2827,
40631,Tara Ariano,,"
https://s.gr-assets.com/assets/nophoto/user/u_200x266-e183445fd1a1b5cc7075bb1cf7043306.png
","
https://s.gr-assets.com/assets/nophoto/user/u_50x66-632230dc9882b4352d753eedf9396530.png
",https://www.goodreads.com/author/show/40631.Tara_Ariano,3.90,415,73,
1464467,Sarah D. Bunting,,"
https://s.gr-assets.com/assets/nophoto/user/u_200x266-e183445fd1a1b5cc7075bb1cf7043306.png
","
https://s.gr-assets.com/assets/nophoto/user/u_50x66-632230dc9882b4352d753eedf9396530.png
",https://www.goodreads.com/author/show/1464467.Sarah_D_Bunting,3.88,336,53,
13912639,Steph Young,,"
https://images.gr-assets.com/authors/1430977995p5/13912639.jpg
","
https://images.gr-assets.com/authors/1430977995p2/13912639.jpg
",https://www.goodreads.com/author/show/13912639.Steph_Young,3.93,275,36,
20471443,Miles Rausch,,"
https://images.gr-assets.com/authors/1594028582p5/20471443.jpg
","
https://images.gr-assets.com/authors/1594028582p2/20471443.jpg
",https://www.goodreads.com/author/show/20471443.Miles_Rausch,4.00,1,0,"Miles Rausch is a writer for people and a writer for computers. He works a day job as a software engineering lead, but his passion is writing. He’s had short fiction published in Skullmore and Speculative66 as well as New Tricks Literary Magazine. His poetry has been published in New Tricks as well.<br /><br />Miles won the inaugural flash fiction competition, Mash Stories, where writers were challenged to craft a 500-word story using three randomly selected words as their prompt. From there ..."
9013543,Ruth Ware,,"
https://images.gr-assets.com/authors/1562697198p5/9013543.jpg
","
https://images.gr-assets.com/authors/1562697198p2/9013543.jpg
",https://www.goodreads.com/author/show/9013543.Ruth_Ware,3.73,1009510,93962,"Ruth Ware grew up in Sussex, on the south coast of England. After graduating from Manchester University she moved to Paris, before settling in North London. She has worked as a waitress, a bookseller, a teacher of English as a foreign language and a press officer. She is married with two small children, and In a Dark, Dark Wood is her début thriller.<br /><br />Find her on twitter at <a target=""_blank"" rel=""noopener nofollow"" href=""http://www.twitter.com/ruthwarewriter"">www.twitter.com/ruthwa..."
14713014,Oyinkan Braithwaite,,"
https://images.gr-assets.com/authors/1502118263p5/14713014.jpg
","
https://images.gr-assets.com/authors/1502118263p2/14713014.jpg
",https://www.goodreads.com/author/show/14713014.Oyinkan_Braithwaite,3.73,161796,18332,"OYINKAN BRAITHWAITE is a graduate of Creative Writing and Law from Kingston University. Following her degree, she worked as an assistant editor at Kachifo, a Nigerian publishing house, and has been freelancing as a writer and editor since. In 2014, she was shortlisted as a top-ten spoken-word artist in the Eko Poetry Slam, and in 2016 she was a finalist for the Commonwealth Short Story Prize. She lives in Lagos, Nigeria."
8178,Carl Hiaasen,,"
https://images.gr-assets.com/authors/1522420456p5/8178.jpg
","
https://images.gr-assets.com/authors/1522420456p2/8178.jpg
",https://www.goodreads.com/author/show/8178.Carl_Hiaasen,3.84,507116,39825,"Carl Hiaasen was born and raised in Florida. After graduating from the University of Florida, he joined the <i>Miami Herald</i> as a general assignment reporter and went on to work for the newspaper’s weekly magazine and prize-winning investigations team. As a journalist and author, Carl has spent most of his life advocating for the protection of the Florida Everglades. He and his family live in southern Florida."
44554,Scott Brick,Narrator,"
https://images.gr-assets.com/authors/1377113754p5/44554.jpg
","
https://images.gr-assets.com/authors/1377113754p2/44554.jpg
",https://www.goodreads.com/author/show/44554.Scott_Brick,3.88,198615,18387,"Scott Brick is a prolific audiobook narrator.<br /><br />Actor, screenwriter, and audiobook narrator Scott Brick definitely gives new meaning to a hyphenate career with credits in film, television, stage, and radio. Born on January 30, 1966, in Santa Barbara, Brick studied both acting and writing at UCLA, and joined the ranks of working professionals upon leaving school in 1989. He then spent 10 years with the LA-based Will and Company, a traveling Shakespearean company that performed for sch..."
6848791,Grace Stevens,,"
https://s.gr-assets.com/assets/nophoto/user/u_200x266-e183445fd1a1b5cc7075bb1cf7043306.png
","
https://s.gr-assets.com/assets/nophoto/user/u_50x66-632230dc9882b4352d753eedf9396530.png
",https://www.goodreads.com/author/show/6848791.Grace_Stevens,3.90,217,25,
10802967,Brit Bennett,,"
https://images.gr-assets.com/authors/1588549491p5/10802967.jpg
","
https://images.gr-assets.com/authors/1588549491p2/10802967.jpg
",https://www.goodreads.com/author/show/10802967.Brit_Bennett,4.16,227533,22697,"Born and raised in Southern California, Brit Bennett graduated from Stanford University and later earned her MFA in fiction at the University of Michigan, where she won a Hopwood Award in Graduate Short Fiction as well as the 2014 Hurston/Wright Award for College Writers. She is a National Book Foundation 5 Under 35 honoree, and her debut novel The Mothers was a New York Times bestseller. Her second novel The Vanishing Half was an instant #1 New York Times bestseller. Her essays have been fea..."
20820231,Reeves  Wiedeman,,"
https://images.gr-assets.com/authors/1602972684p5/20820231.jpg
","
https://images.gr-assets.com/authors/1602972684p2/20820231.jpg
",https://www.goodreads.com/author/show/20820231.Reeves_Wiedeman,4.16,1092,109,
38550,Brandon Sanderson,,"
https://images.gr-assets.com/authors/1394044556p5/38550.jpg
","
https://images.gr-assets.com/authors/1394044556p2/38550.jpg
",https://www.goodreads.com/author/show/38550.Brandon_Sanderson,4.38,3669943,243500,"Brandon’s major books for the second half of 2016 are <i><a href=""https://www.goodreads.com/book/show/18714787.The_Dark_Talent"" title=""The Dark Talent"" rel=""nofollow noopener"">The Dark Talent</a>,</i> the final volume in Alcatraz Smedry’s autobiographical account of his battle against the Evil Librarians who secretly rule our world, and <i><a href=""https://www.goodreads.com/book/show/28595941.Arcanum_Unbounded"" title=""Arcanum Unbounded"" rel=""nofollow noopener"">Arcanum Unbounded</a>,</i> the c..."
18510329,John Bierce,,"
https://s.gr-assets.com/assets/nophoto/user/u_200x266-e183445fd1a1b5cc7075bb1cf7043306.png
","
https://s.gr-assets.com/assets/nophoto/user/u_50x66-632230dc9882b4352d753eedf9396530.png
",https://www.goodreads.com/author/show/18510329.John_Bierce,4.20,12786,560,"John Bierce is a fantasy novelist, history and science buff, SFF fan, and general all-around dork. He is currently traveling the world as a digital nomad, but spends a lot more time observing the urban ecology of drainage ditches in other countries than visiting glamorous tourist destinations. (Did you know that Southeast Asia has freshwater crabs? Who are apparently fantastic parents, unlike basically every other crab species ever? It’s definitely surprising the first time you see a crab wan..."
19071437,Suzanne Park,,"
https://images.gr-assets.com/authors/1555645726p5/19071437.jpg
","
https://images.gr-assets.com/authors/1555645726p2/19071437.jpg
",https://www.goodreads.com/author/show/19071437.Suzanne_Park,3.31,3086,899,"Suzanne Park is a Korean-American writer who was born and raised in Tennessee. In her former life as a stand-up comedian, she was a finalist in the Oxygen Network's ""Girls Behaving Badly"" talent search, and appeared on BET's ""Coming to the Stage."" Suzanne was also the winner of the Seattle Sierra Mist Comedy Competition, and was a semi-finalist in NBC's ""Stand Up For Diversity"" showcase in San Francisco alongside comedians Ali Wong and Nico Santos.<br /><br /><br />"
8049534,Greta Jung,Narrator,"
https://s.gr-assets.com/assets/nophoto/user/u_200x266-e183445fd1a1b5cc7075bb1cf7043306.png
","
https://s.gr-assets.com/assets/nophoto/user/u_50x66-632230dc9882b4352d753eedf9396530.png
",https://www.goodreads.com/author/show/8049534.Greta_Jung,3.65,600,196,
14818070,سید محمد موسوی,,"
https://s.gr-assets.com/assets/nophoto/user/u_200x266-e183445fd1a1b5cc7075bb1cf7043306.png
","
https://s.gr-assets.com/assets/nophoto/user/u_50x66-632230dc9882b4352d753eedf9396530.png
",https://www.goodreads.com/author/show/14818070._,1.00,2,1,
3421464,Catherine Ryan Howard,,"
https://images.gr-assets.com/authors/1446100553p5/3421464.jpg
","
https://images.gr-assets.com/authors/1446100553p2/3421464.jpg
",https://www.goodreads.com/author/show/3421464.Catherine_Ryan_Howard,3.92,16353,2782,"Catherine Ryan Howard is an internationally bestselling crime writer from Cork, Ireland. Her debut novel, DISTRESS SIGNALS, was shortlisted for Irish Crime Novel of the Year and the CWA John Creasey/New Blood Dagger. THE LIAR'S GIRL (2018) was shortlisted for the Edgar Award for Best Novel and REWIND (2019) was an Irish Times bestseller and shortlisted for Irish Crime Novel of the Year. Prior to writing full-time, Catherine worked as a campsite courier in France and a front desk agent in Walt..."
19856615,Tori Whitaker,,"
https://images.gr-assets.com/authors/1588624740p5/19856615.jpg
","
https://images.gr-assets.com/authors/1588624740p2/19856615.jpg
",https://www.goodreads.com/author/show/19856615.Tori_Whitaker,3.96,6074,523,"My dream of writing a book first took root in my twenties, and some forty years later, I've seen that dream come true. Millicent Glenn’s Last Wish (part historical fiction and part contemporary family drama) is my debut novel. I love stories that shift between the past and present. Maybe that is because my family had five living generations upon my birth, and when my own grandchildren came along, my family had five living generations again. This experience has also given me a sense of what we..."
15932535,Luke Chmilenko,,"
https://images.gr-assets.com/authors/1475791300p5/15932535.jpg
","
https://images.gr-assets.com/authors/1475791300p2/15932535.jpg
",https://www.goodreads.com/author/show/15932535.Luke_Chmilenko,4.32,18789,1738,"Born in 1987, Luke Chmilenko grew up in the city of Mississauga, Ontario spending the majority of his life within the city. Always a fan of writing and storytelling, Luke continuously wrote small short stories over the years, but never embarked on writing a full novel until much later in life, thinking it was something beyond his ability.<br /><br />With his interesting in writing waxing and waning as the years passed, Luke focused on his studies, eventually finding a job in the field of IT S..."
15640359,Bharat Krishnan,,"
https://images.gr-assets.com/authors/1594411207p5/15640359.jpg
","
https://images.gr-assets.com/authors/1594411207p2/15640359.jpg
",https://www.goodreads.com/author/show/15640359.Bharat_Krishnan,4.30,76,61,"Bharat calls himself a professional storyteller and amateur cook. After 10 years of working in politics, he tried to explain how the country went from Barack Obama to Donald Trump by writing Confessions of a Campaign Manager. Then he wrote Oasis, a desert-fantasy novel that examined what makes a family and how refugees should be treated. Bharat is always looking to make a political statement with his writing because he knows politics seeps into every aspect of society and believes we can’t un..."
4142981,Leonardo Padura,,"
https://images.gr-assets.com/authors/1347224416p5/4142981.jpg
","
https://images.gr-assets.com/authors/1347224416p2/4142981.jpg
",https://www.goodreads.com/author/show/4142981.Leonardo_Padura,4.08,16025,1932,"Leonardo Padura Fuentes (born 1955) is a Cuban novelist and journalist. As of 2007, he is one of Cuba's best known writers internationally. In English and some other languages, he is often referred to by the shorter form of his name, Leonardo Padura. He has written movie scripts, two books of short stories and a series of detective novels translated into 10 languages. In 2012, Fuentes was awarded the National Prize for Literature, Cuba's national literary award and the most important award of..."
3443298,Chris Carter,,"
https://images.gr-assets.com/authors/1557078540p5/3443298.jpg
","
https://images.gr-assets.com/authors/1557078540p2/3443298.jpg
",https://www.goodreads.com/author/show/3443298.Chris_Carter,4.34,92008,8639,"<i>Librarian Note: There is more than one author in the GoodReads database with this name. <a href=""https://www.goodreads.com/topic/show/44217-master-list-of-author-disambiguation-by-spaces"" rel=""nofollow noopener"">See this thread for more information.</a></i> <br /><br />Biographies can be an absolute drag, so I won’t bore anyone with a long life story.<br /><br />I was born in Brasilia, Brazil where I spent my childhood and teenage years. After graduating from high school, I moved to the US..."
3436762,Sybille Uplegger,Translator,"
https://s.gr-assets.com/assets/nophoto/user/u_200x266-e183445fd1a1b5cc7075bb1cf7043306.png
","
https://s.gr-assets.com/assets/nophoto/user/u_50x66-632230dc9882b4352d753eedf9396530.png
",https://www.goodreads.com/author/show/3436762.Sybille_Uplegger,4.12,5575,868,
136075,Barbara Freethy,,"
https://images.gr-assets.com/authors/1596657709p5/136075.jpg
","
https://images.gr-assets.com/authors/1596657709p2/136075.jpg
",https://www.goodreads.com/author/show/136075.Barbara_Freethy,4.01,122513,9545,"Barbara's love of writing developed out of a love of reading. Growing up in an all-boy neighborhood, she spent quite a bit of time reading through her mother's large library, many of which were romantic novels. After graduating from the University of California at Santa Barbara, she went into Public Relations, but soon discovered that writing was her true passion.<br /><br />Barbara was traditionally published for many years, then formed her own publishing company FOG CITY PUBLISHING in 2011 ..."
5177772,Sara Mesa,,"
https://images.gr-assets.com/authors/1431229830p5/5177772.jpg
","
https://images.gr-assets.com/authors/1431229830p2/5177772.jpg
",https://www.goodreads.com/author/show/5177772.Sara_Mesa,3.55,3605,563,"Sara Mesa es una escritora española que reside en Sevilla desde niña, y ha publicado dos libros de relatos: ‘La sobriedad del galápago’ (2008), con ilustraciones de la toledana Noemí González, y ‘No es fácil ser verde’ (2009), además de las novelas ‘El trepanador de cerebros’ (2010), 'Un incendio invisible' (2011) y 'Cuatro por cuatro' (2013), esta última Finalista del Premio Herralde de Novela en 2013. Su primer poemario, ‘Este jilguero agenda’ (2007) fue galardonado con el Premio Nacional d..."
20575720,Konrad Ryan,,"
https://images.gr-assets.com/authors/1605256350p5/20575720.jpg
","
https://images.gr-assets.com/authors/1605256350p2/20575720.jpg
",https://www.goodreads.com/author/show/20575720.Konrad_Ryan,4.49,991,124,
19212025,Anna Downes,,"
https://images.gr-assets.com/authors/1590059645p5/19212025.jpg
","
https://images.gr-assets.com/authors/1590059645p2/19212025.jpg
",https://www.goodreads.com/author/show/19212025.Anna_Downes,3.74,6341,2257,"ANNA DOWNES was born and raised in Sheffield, UK, but now lives just north of Sydney, Australia with her husband and two children. She worked as an actress before turning her attention to writing. She was shortlisted for the Sydney Writers Room Short Story Prize (2017) and longlisted for the Margaret River Short Story Competition (2018). <br /><i>The Safe Place</i> was inspired by Anna’s experiences working as a live-in housekeeper on a remote French estate in 2009-10."
17086985,Shemer Kuznits,,"
https://images.gr-assets.com/authors/1502278925p5/17086985.jpg
","
https://images.gr-assets.com/authors/1502278925p2/17086985.jpg
",https://www.goodreads.com/author/show/17086985.Shemer_Kuznits,4.41,17147,1380,"Hi all,<br />I've been a fan of SciFi, Fantasy, RPG, and gaming for decades.<br />I've first heard of the LitRPG genre in 2016, and since then I couldn't get enough of it.<br />I must have read over a hundred books, and eventually, decided to contribute.<br />I especially enjoy reading books about settlement development, so this is one of the main themes of my book.<br /><br />Aside from that; I spend my days working as a computer engineer and my nights fighting crime (well, mostly convincing..."
155717,Cheryl Strayed,,"
https://images.gr-assets.com/authors/1445820056p5/155717.jpg
","
https://images.gr-assets.com/authors/1445820056p2/155717.jpg
",https://www.goodreads.com/author/show/155717.Cheryl_Strayed,4.03,716420,50706,"Cheryl Strayed is the author of four books: Tiny Beautiful Things, Torch, Brave Enough, and the #1 New York Times bestseller, Wild. She also co-hosts the hit podcast Dear Sugar Radio. You can find a listing of her events and answers to FAQ on her web site: <a target=""_blank"" rel=""noopener nofollow"" href=""http://www.cherylstrayed.com/"">http://www.cherylstrayed.com/</a>"
20581527,Hongqi (Red Flag),,"
https://s.gr-assets.com/assets/nophoto/user/u_200x266-e183445fd1a1b5cc7075bb1cf7043306.png
","
https://s.gr-assets.com/assets/nophoto/user/u_50x66-632230dc9882b4352d753eedf9396530.png
",https://www.goodreads.com/author/show/20581527.Hongqi_Red_Flag_,3.00,1,0,
8065700,Michael S. Schmidt,,"
https://s.gr-assets.com/assets/nophoto/user/u_200x266-e183445fd1a1b5cc7075bb1cf7043306.png
","
https://s.gr-assets.com/assets/nophoto/user/u_50x66-632230dc9882b4352d753eedf9396530.png
",https://www.goodreads.com/author/show/8065700.Michael_S_Schmidt,4.29,704,117,
7737246,Glynn Stewart,,"
https://images.gr-assets.com/authors/1509591679p5/7737246.jpg
","
https://images.gr-assets.com/authors/1509591679p2/7737246.jpg
",https://www.goodreads.com/author/show/7737246.Glynn_Stewart,4.32,76324,3456,
20593802,Michael   Cohen,,"
https://s.gr-assets.com/assets/nophoto/user/m_200x266-d279b33f8eec0f27b7272477f09806be.png
","
https://s.gr-assets.com/assets/nophoto/user/m_50x66-82093808bca726cb3249a493fbd3bd0f.png
",https://www.goodreads.com/author/show/20593802.Michael_Cohen,4.10,9107,1136,Michael Cohen is an American attorney and businessman. He acted as Special Counsel to President Donald J. Trump from 2017-2018 and as Executive VP for the Trump Organization before then. Cohen lives in New York City with his wife and two children.<br /><br />(source: Amazon)
15405109,Liliana Blum,,"
https://images.gr-assets.com/authors/1605199525p5/15405109.jpg
","
https://images.gr-assets.com/authors/1605199525p2/15405109.jpg
",https://www.goodreads.com/author/show/15405109.Liliana_Blum,3.99,1450,417,"Autora de las novelas Cara de liebre (Seix Barral, 2020), El monstruo pentápodo (Bordes, 2019; Tusquets, 2017; Bordes, 2019), Pandora (Maxi 2020; Tusquets, 2015), y Residuos de espanto (Ficticia, 2013), así como de los libros de cuentos Todas hemos perdido algo (Tusquets, 2020), Tristeza de los cítricos (Páginas de Espuma, 2019), No me pases de largo (Literal Publishing, 2013), Yo sé cuando expira la leche (IMAC Durango, 2011), El libro perdido de Heinrich Böll (Editorial Jus, 2008), The curs..."
4711,Sue Monk Kidd,,"
https://images.gr-assets.com/authors/1574862600p5/4711.jpg
","
https://images.gr-assets.com/authors/1574862600p2/4711.jpg
",https://www.goodreads.com/author/show/4711.Sue_Monk_Kidd,4.04,1539423,69636,"<br /><b>SUE MONK KIDD</b> was raised in the small town of Sylvester, Georgia. She graduated from Texas Christian University in 1970 and later took creative writing courses at Emory University, as well as studying at Sewanee, Bread Loaf, and other writers’ conferences. In her forties, Kidd turned her attention to writing fiction, winning the South Carolina Fellowship in Literature and the 1996 Poets &amp; Writers Exchange Program in Fiction.<br /><br />When her first novel, <i>The Secret Life..."
741825,Judith Schwaab,Translator,"
https://s.gr-assets.com/assets/nophoto/user/u_200x266-e183445fd1a1b5cc7075bb1cf7043306.png
","
https://s.gr-assets.com/assets/nophoto/user/u_50x66-632230dc9882b4352d753eedf9396530.png
",https://www.goodreads.com/author/show/741825.Judith_Schwaab,3.82,665,75,
6936104,Anthony Burrill,,"
https://s.gr-assets.com/assets/nophoto/user/u_200x266-e183445fd1a1b5cc7075bb1cf7043306.png
","
https://s.gr-assets.com/assets/nophoto/user/u_50x66-632230dc9882b4352d753eedf9396530.png
",https://www.goodreads.com/author/show/6936104.Anthony_Burrill,4.03,76,9,
32933,Ruby Bridges,,"
https://s.gr-assets.com/assets/nophoto/user/u_200x266-e183445fd1a1b5cc7075bb1cf7043306.png
","
https://s.gr-assets.com/assets/nophoto/user/u_50x66-632230dc9882b4352d753eedf9396530.png
",https://www.goodreads.com/author/show/32933.Ruby_Bridges,4.45,5704,677,
2906892,Courtney Milan,,"
https://images.gr-assets.com/authors/1245255772p5/2906892.jpg
","
https://images.gr-assets.com/authors/1245255772p2/2906892.jpg
",https://www.goodreads.com/author/show/2906892.Courtney_Milan,3.85,146474,18162,"Courtney Milan’s books have received starred reviews in Publishers Weekly and Booklist. She is a New York Times and a USA Today Bestseller and a RITA® winner.<br /><br />Courtney lives in the Rocky Mountains with her husband, an exceptionally perfect dog, and an attack cat.<br /><br />Before she started writing historical romance, Courtney got a graduate degree in theoretical physical chemistry from UC Berkeley. After that, just to shake things up, she went to law school at the University of ..."
20607328,Holly Lorka,,"
https://s.gr-assets.com/assets/nophoto/user/u_200x266-e183445fd1a1b5cc7075bb1cf7043306.png
","
https://s.gr-assets.com/assets/nophoto/user/u_50x66-632230dc9882b4352d753eedf9396530.png
",https://www.goodreads.com/author/show/20607328.Holly_Lorka,4.09,46,27,
13852263,Lorzagirl,,"
https://s.gr-assets.com/assets/nophoto/user/u_200x266-e183445fd1a1b5cc7075bb1cf7043306.png
","
https://s.gr-assets.com/assets/nophoto/user/u_50x66-632230dc9882b4352d753eedf9396530.png
",https://www.goodreads.com/author/show/13852263.Lorzagirl,4.65,133,41,
23613,Emma Donoghue,,"
https://images.gr-assets.com/authors/1591714728p5/23613.jpg
","
https://images.gr-assets.com/authors/1591714728p2/23613.jpg
",https://www.goodreads.com/author/show/23613.Emma_Donoghue,3.97,903715,70766,"Grew up in Ireland, 20s in England doing a PhD in eighteenth-century literature, since then in Canada. Best known for my novel, film and play ROOM, also other contemporary and historical novels and short stories, non-fiction, theatre and middle-grade novels."
202260,Caroline Kepnes,,"
https://images.gr-assets.com/authors/1417479736p5/202260.jpg
","
https://images.gr-assets.com/authors/1417479736p2/202260.jpg
",https://www.goodreads.com/author/show/202260.Caroline_Kepnes,3.84,216864,27245,"Caroline Kepnes is the author of You and Hidden Bodies. She splits her time between Los Angeles, California and Cape Cod, Massachusetts. <br /><br />She would love to hear from you over on Facebook. <br /> "
2895000,محمد رضا زائری,,"
https://images.gr-assets.com/authors/1399650828p5/2895000.jpg
","
https://images.gr-assets.com/authors/1399650828p2/2895000.jpg
",https://www.goodreads.com/author/show/2895000._,3.53,225,47,حجت الاسلام محمدرضا زائری یکی از معدود افرادی است که در این کشور نان صداقتشان را می خورند. در خانواده ای دغدغه مند بزرگ شده (پدر آقای زائری چندین دوره نماینده مجلس بوده و نیز استاندار هرمزگان که به گواهی خود آقای زائری در یکی از سه گانه شان که ذکرش در ادامه خواهد رفت، یکی از سالم ترین مسئولین جمهوری اسلامی بوده اند) و با شاگردی بزرگانی دغدغه مند بزرگ شده (مثل آقای اشعری ایضا در داخل پارانتز قبل) و در دوران طلبگی نیز با دغدغه ارائه صحیح از اسلام در دین تفقه کرده است. <br />خانه روزنامه نگاران ...
20944442,Lori  Snyder,,"
https://s.gr-assets.com/assets/nophoto/user/u_200x266-e183445fd1a1b5cc7075bb1cf7043306.png
","
https://s.gr-assets.com/assets/nophoto/user/u_50x66-632230dc9882b4352d753eedf9396530.png
",https://www.goodreads.com/author/show/20944442.Lori_Snyder,5.00,4,1,
72063,Ignacio Martínez de Pisón,,"
https://images.gr-assets.com/authors/1351241151p5/72063.jpg
","
https://images.gr-assets.com/authors/1351241151p2/72063.jpg
",https://www.goodreads.com/author/show/72063.Ignacio_Mart_nez_de_Pis_n,3.61,1862,219,
20631990,KJ Rise,,"
https://s.gr-assets.com/assets/nophoto/user/u_200x266-e183445fd1a1b5cc7075bb1cf7043306.png
","
https://s.gr-assets.com/assets/nophoto/user/u_50x66-632230dc9882b4352d753eedf9396530.png
",https://www.goodreads.com/author/show/20631990.KJ_Rise,4.43,7,1,
25471,Lorenzo Silva,,"
https://images.gr-assets.com/authors/1485156593p5/25471.jpg
","
https://images.gr-assets.com/authors/1485156593p2/25471.jpg
",https://www.goodreads.com/author/show/25471.Lorenzo_Silva,3.67,12964,1204,
17522596,Prax Venter,,"
https://images.gr-assets.com/authors/1514715393p5/17522596.jpg
","
https://images.gr-assets.com/authors/1514715393p2/17522596.jpg
",https://www.goodreads.com/author/show/17522596.Prax_Venter,4.20,5455,430,
16426335,Víctor Negro,,"
https://s.gr-assets.com/assets/nophoto/user/u_200x266-e183445fd1a1b5cc7075bb1cf7043306.png
","
https://s.gr-assets.com/assets/nophoto/user/u_50x66-632230dc9882b4352d753eedf9396530.png
",https://www.goodreads.com/author/show/16426335.V_ctor_Negro,3.42,45,16,
4482459,Marc Pastor,Contributor,"
https://images.gr-assets.com/authors/1486724875p5/4482459.jpg
","
https://images.gr-assets.com/authors/1486724875p2/4482459.jpg
",https://www.goodreads.com/author/show/4482459.Marc_Pastor,3.73,2036,461,"Marc Pastor (Barcelona, 1977) és criminòleg i un explorador culturalment dispers. Va combatre els nazis a Montecristo i va traçar el perfil criminal de la Vampira de Barcelona a La mala dona (Ara Mini, 2017), distingida amb el premi de novel·la negra Crims de Tinta. Amb L’any de la plaga va alertar sobre una imminent invasió d’ultracossos i amb Bioko (Amsterdam, 2013) ens va descobrir una manera de viatjar en el temps. Amb Farishta (Amsterdam, 2017), segueix teixint una teranyina d'històries ..."
2061727,Elena Medel,,"
https://images.gr-assets.com/authors/1394969085p5/2061727.jpg
","
https://images.gr-assets.com/authors/1394969085p2/2061727.jpg
",https://www.goodreads.com/author/show/2061727.Elena_Medel,3.65,642,91,"Elena Medel (Córdoba, 1985) es una escritora española, dedicada especialmente al campo de la poesía.<br /><br />Es una de las poetisas andaluzas jóvenes más conocidas en la actualidad, ya que a los 16 años ganó el premio Andalucía Joven concedido por el Instituto Andaluz de la Juventud con su primer poemario Mi primer bikini (DVD, 2002). Posteriormente publicó los libros de poemas, Vacaciones (2004) y Tara (2006) y el cuaderno Un soplo en el corazón (2007).<br />En 2013 ha ganado el premio Lo..."
1563,Steven Johnson,,"
https://images.gr-assets.com/authors/1476976800p5/1563.jpg
","
https://images.gr-assets.com/authors/1476976800p2/1563.jpg
",https://www.goodreads.com/author/show/1563.Steven_Johnson,3.90,88616,8154,"Steven Johnson is the bestselling author of twelve books, including <i>Enemy of All Mankind, Farsighted, Wonderland, How We Got to Now, Where Good Ideas Come From, The Invention of Air, The Ghost Map, </i> and <i>Everything Bad Is Good for You.</i><br />He's the host of the podcast American Innovations, and the host and co-creator of the PBS and BBC series <i>How We Got to Now.</i> Johnson lives in Marin County, California, and Brooklyn, New York, with his wife and three sons."
7849833,W.R. Gingell,,"
https://images.gr-assets.com/authors/1563103698p5/7849833.jpg
","
https://images.gr-assets.com/authors/1563103698p2/7849833.jpg
",https://www.goodreads.com/author/show/7849833.W_R_Gingell,4.25,11833,1810,"W.R. Gingell is a Tasmanian author who is definitely not getting old. She loves to rewrite fairytales with a twist or two—and a murder or three—and original fantasy where dragons, enchantresses, and other magical creatures abound. Occasionally she will also dip her toes into the waters of SciFi.<br /><br />W.R. spends her time reading, drinking an inordinate amount of tea, and slouching in front of the fire to write. Like Peter Pan, she never really grew up, and is still occasionally to be fo..."
18145334,Scarlett  St. Clair,,"
https://images.gr-assets.com/authors/1588869125p5/18145334.jpg
","
https://images.gr-assets.com/authors/1588869125p2/18145334.jpg
",https://www.goodreads.com/author/show/18145334.Scarlett_St_Clair,3.98,9032,1261,"Scarlett St. Clair lives in Oklahoma with her husband. She has a Master’s degree in Library Science and Information Studies. She is obsessed with Greek Mythology, murder mysteries, love, and the afterlife. If you are obsessed with these things, then you’ll like her books. <br /><br />Sign up for my newsletter! <a target=""_blank"" rel=""noopener nofollow"" href=""https://mailchi.mp/6e2593363f04/rayonrecord"">https://mailchi.mp/6e2593363f04/rayon...</a>"
6206565,Christian Cooper,,"
https://images.gr-assets.com/authors/1582032450p5/6206565.jpg
","
https://images.gr-assets.com/authors/1582032450p2/6206565.jpg
",https://www.goodreads.com/author/show/6206565.Christian_Cooper,4.25,287,73,"Christian ""Chris"" Francis Cooper was a writer/editor for Marvel who had runs on Marvel Comics Presents and Darkhold Redeemers among other books. Under the pen name C.F. Cooper, Cooper published his first prose book: <i>Songs of the Metamythos</i>, a journey through a new mythology inclusive of all ethnicities and gender identities "
30782,Alitha Martinez,Penciller,"
https://s.gr-assets.com/assets/nophoto/user/u_200x266-e183445fd1a1b5cc7075bb1cf7043306.png
","
https://s.gr-assets.com/assets/nophoto/user/u_50x66-632230dc9882b4352d753eedf9396530.png
",https://www.goodreads.com/author/show/30782.Alitha_Martinez,3.89,15634,1564,
61324,Mark Morales,Inker,"
https://s.gr-assets.com/assets/nophoto/user/m_200x266-d279b33f8eec0f27b7272477f09806be.png
","
https://s.gr-assets.com/assets/nophoto/user/m_50x66-82093808bca726cb3249a493fbd3bd0f.png
",https://www.goodreads.com/author/show/61324.Mark_Morales,3.98,55261,3372,
4117811,Emilio López,Colorist,"
https://s.gr-assets.com/assets/nophoto/user/u_200x266-e183445fd1a1b5cc7075bb1cf7043306.png
","
https://s.gr-assets.com/assets/nophoto/user/u_50x66-632230dc9882b4352d753eedf9396530.png
",https://www.goodreads.com/author/show/4117811.Emilio_L_pez,3.94,872,129,
568949,Juan José Millás,,"
https://images.gr-assets.com/authors/1416035306p5/568949.jpg
","
https://images.gr-assets.com/authors/1416035306p2/568949.jpg
",https://www.goodreads.com/author/show/568949.Juan_Jos_Mill_s,3.61,13893,2198,"Juan José Millás is a Spanish writer and winner of the 1990 Premio Nadal. He was born in Valencia and has spent most of his life in Madrid where he studied Philosophy and Literature at the Universidad Complutense.<br />His first novel was influenced by Julio Cortázar and consequently shows the influence of the then-prevalent literary experimentalism, as well as the uncertainty of a fledgling author. Although very original, his second book, Cerbero son las sombras (1975), obtained the Premio S..."
44864,Juan Luis Arsuaga,,"
https://images.gr-assets.com/authors/1573239811p5/44864.jpg
","
https://images.gr-assets.com/authors/1573239811p2/44864.jpg
",https://www.goodreads.com/author/show/44864.Juan_Luis_Arsuaga,3.85,985,121,Juan Luis Arsuaga Ferreras es un paleoantropólogo español. Es doctor en Ciencias Biológicas por la Universidad Complutense de Madrid y catedrático de Paleontología en la Facultad de Ciencias Geológicas de esta misma universidad. Desde julio de 2013 es director científico del Museo de la Evolución Humana de Burgos.​
439887,Kieron Gillen,,"
https://images.gr-assets.com/authors/1533663392p5/439887.jpg
","
https://images.gr-assets.com/authors/1533663392p2/439887.jpg
",https://www.goodreads.com/author/show/439887.Kieron_Gillen,3.97,315716,27695,Kieron Gillen is a comic book writer and former media journalist.
7786616,Rafa Ortiz,Illustrator,"
https://s.gr-assets.com/assets/nophoto/user/u_200x266-e183445fd1a1b5cc7075bb1cf7043306.png
","
https://s.gr-assets.com/assets/nophoto/user/u_50x66-632230dc9882b4352d753eedf9396530.png
",https://www.goodreads.com/author/show/7786616.Rafa_Ortiz,3.00,2,1,
85593,Inger Christensen,,"
https://images.gr-assets.com/authors/1250831085p5/85593.jpg
","
https://images.gr-assets.com/authors/1250831085p2/85593.jpg
",https://www.goodreads.com/author/show/85593.Inger_Christensen,4.28,2913,287,"Inger Christensen was born in Vejle, Denmark, in 1935. Initially she studied medicine, but then trained as a teacher and worked at the College of Art in Holbæck from 1963–64. Although she has also written a novel, stories, essays, radio plays, a drama and an opera libretto, Christensen is primarily known for her linguistically skilled and powerful poetry. <br /><br />Christensen first became known to a wider audience with the volumes ""Lys"" (1962; Light) and ""Græs"" (1963; Grass), which are muc..."
15342279,Daniel Sancosmed,Traductor,"
https://s.gr-assets.com/assets/nophoto/user/u_200x266-e183445fd1a1b5cc7075bb1cf7043306.png
","
https://s.gr-assets.com/assets/nophoto/user/u_50x66-632230dc9882b4352d753eedf9396530.png
",https://www.goodreads.com/author/show/15342279.Daniel_Sancosmed,4.25,20,5,
6356,Barack Obama,,"
https://images.gr-assets.com/authors/1602177326p5/6356.jpg
","
https://images.gr-assets.com/authors/1602177326p2/6356.jpg
",https://www.goodreads.com/author/show/6356.Barack_Obama,3.88,371902,16423,"Barack Obama was the 44th president of the United States, elected in November 2008 and holding office for two terms. He is the author of two previous <i>New York Times</i> bestselling books, <i>Dreams from My Father</i> and <i>The Audacity of Hope</i>, and the recipient of the 2009 Nobel Peace Prize. He lives in Washington, D.C., with his wife, Michelle. They have two daughters, Malia and Sasha."
2921621,Alexis Ravelo,,"
https://images.gr-assets.com/authors/1511479051p5/2921621.jpg
","
https://images.gr-assets.com/authors/1511479051p2/2921621.jpg
",https://www.goodreads.com/author/show/2921621.Alexis_Ravelo,3.93,1154,189,"De procedencia humilde y formación autodidacta, (Las Palmas de Gran Canaria, España, 1971) se ha destacado por sus novelas de corte policial, sus colecciones de relatos y sus libros infantiles, pero es autor, además, de seis espectáculos dramático-musicales, los guiones de un programa de televisión, artículos y docenas de letras de canciones para diversos intérpretes. Defiende una concepción artesanal del hecho literario, en la cual se combinan amenidad, reflexión e incomodidad."
3413164,Étienne Davodeau,,"
https://images.gr-assets.com/authors/1350771048p5/3413164.jpg
","
https://images.gr-assets.com/authors/1350771048p2/3413164.jpg
",https://www.goodreads.com/author/show/3413164._tienne_Davodeau,3.92,3673,372,"Il entreprend des études d'arts plastiques en 1985 à Rennes, et fonde avec quelques amis, dont Joub, Jean-Luc et Fred Simon, le studio BD Psurde. Cette petite structure éditoriale leur permet de publier leurs premiers travaux, dont un album collectif, La Vie Tourmentée d'Ernest Formidable."
761281,Anne West,,"
https://s.gr-assets.com/assets/nophoto/user/u_200x266-e183445fd1a1b5cc7075bb1cf7043306.png
","
https://s.gr-assets.com/assets/nophoto/user/u_50x66-632230dc9882b4352d753eedf9396530.png
",https://www.goodreads.com/author/show/761281.Anne_West,4.04,74,10,"<i>Librarian Note: There is more than one author in the GoodReads database with this name. <a href=""https://www.goodreads.com/topic/show_group/44217.Master_List_of_Author_Disambiguation_by_Spaces"" rel=""nofollow noopener"">See this thread for more information.</a></i>"
5398028,Katee Robert,,"
https://images.gr-assets.com/authors/1351360784p5/5398028.jpg
","
https://images.gr-assets.com/authors/1351360784p2/5398028.jpg
",https://www.goodreads.com/author/show/5398028.Katee_Robert,3.79,84614,10261,"New York Times and USA TODAY bestselling author Katee Robert learned to tell her stories at her grandpa’s knee. Her 2015 title, The Marriage Contract, was a RITA finalist, and RT Book Reviews named it 'a compulsively readable book with just the right amount of suspense and tension."" When not writing sexy contemporary and romantic suspense, she spends her time playing imaginary games with her children, driving her husband batty with what-if questions, and planning for the inevitable zombie apo..."
19629033,Douglas   Stuart,,"
https://images.gr-assets.com/authors/1570471773p5/19629033.jpg
","
https://images.gr-assets.com/authors/1570471773p2/19629033.jpg
",https://www.goodreads.com/author/show/19629033.Douglas_Stuart,4.44,7463,1252,"Douglas Stuart is a Scottish - American author. His debut novel, 'Shuggie Bain,' is the winner of the 2020 Booker Prize. <br /><br />‘Shuggie Bain’ was a finalist for the National Book Award in Fiction, the Center For Fiction First Novel Prize, and the Kirkus Prize for Fiction. He is currently at work on his second novel. <br /><br />His short stories, 'Found Wanting,' and 'The Englishman,' have been published by The New Yorker magazine. His writing on Gender, Class and Anxiety was featured o..."
822056,فریدون کشاورز,,"
https://s.gr-assets.com/assets/nophoto/user/u_200x266-e183445fd1a1b5cc7075bb1cf7043306.png
","
https://s.gr-assets.com/assets/nophoto/user/u_50x66-632230dc9882b4352d753eedf9396530.png
",https://www.goodreads.com/author/show/822056._,2.50,10,5,Fereydoon Keshavarz
14255577,حزب توده ایران,,"
https://s.gr-assets.com/assets/nophoto/user/u_200x266-e183445fd1a1b5cc7075bb1cf7043306.png
","
https://s.gr-assets.com/assets/nophoto/user/u_50x66-632230dc9882b4352d753eedf9396530.png
",https://www.goodreads.com/author/show/14255577._,3.00,3,0,
99718,Elizabeth Topp,,"
https://images.gr-assets.com/authors/1601471288p5/99718.jpg
","
https://images.gr-assets.com/authors/1601471288p2/99718.jpg
",https://www.goodreads.com/author/show/99718.Elizabeth_Topp,3.62,3208,274,"Elizabeth Topp penned her first short story in the second grade and has been writing ever since. A graduate of The Dalton School, Harvard College and Columbia’s School of the Arts, Liz co-authored her first book, Vaginas: An Owner’s Manual with her gynecologist mother while she worked as a Private Assistant, a job she still holds. Liz lives in the same Manhattan apartment where she grew up with her partner, Matthew, daughter Anna, and their cat, Stripes. Perfectly Impossible is her debut novel."
90593,Martin  Walker,,"
https://images.gr-assets.com/authors/1314386346p5/90593.jpg
","
https://images.gr-assets.com/authors/1314386346p2/90593.jpg
",https://www.goodreads.com/author/show/90593.Martin_Walker,4.00,62399,6358,"Martin Walker is the U.S. bureau chief for The Guardian (London), a regular commentator for CNN, and a columnist for newspapers in the United States, Europe, and Moscow. A published novelist and poet, he lives in Washington, D.C. with his wife, the novelist <a href=""https://www.goodreads.com/author/show/63129.Julia_Watson"" title=""Julia Watson"" rel=""nofollow noopener"">Julia Watson</a>, and their two daughters.<br /><br />"
20776842,Jennifer Holley Lux,,"
https://s.gr-assets.com/assets/nophoto/user/u_200x266-e183445fd1a1b5cc7075bb1cf7043306.png
","
https://s.gr-assets.com/assets/nophoto/user/u_50x66-632230dc9882b4352d753eedf9396530.png
",https://www.goodreads.com/author/show/20776842.Jennifer_Holley_Lux,5.00,1,0,
14717647,Bridget Collins,,"
https://images.gr-assets.com/authors/1548771665p5/14717647.jpg
","
https://images.gr-assets.com/authors/1548771665p2/14717647.jpg
",https://www.goodreads.com/author/show/14717647.Bridget_Collins,3.88,36843,6261,"Bridget Collins has works written under the name <a href=""https://www.goodreads.com/author/show/4653775.B_R_Collins"" rel=""nofollow noopener"">B.R Collins</a>.<br />"
15661245,Caimh McDonnell,,"
https://images.gr-assets.com/authors/1601821251p5/15661245.jpg
","
https://images.gr-assets.com/authors/1601821251p2/15661245.jpg
",https://www.goodreads.com/author/show/15661245.Caimh_McDonnell,4.29,22915,2008,"Irishman Caimh McDonnell is a former professional stand-up comedian and TV writer who now concentrates all of his energies on his books. Born in Limerick and raised in Dublin, he has taken the hop across the water and calls Manchester his home.<br /><br />His TV writing work has seen him work on some of the biggest topical comedy shows on British TV and has earned him a BAFTA nomination. These days he can be found happily writing his next book in the office in the back garden, with only his d..."
2937021,Frankie Boyle,,"
https://images.gr-assets.com/authors/1329134310p5/2937021.jpg
","
https://images.gr-assets.com/authors/1329134310p2/2937021.jpg
",https://www.goodreads.com/author/show/2937021.Frankie_Boyle,3.50,5119,335,"Francis Martin Patrick ""Frankie"" Boyle is a Scottish comedian and writer, well known for his pessimistic, often controversial sense of humour. He was a permanent panellist on <i>Mock the Week</i> for seven series and has made guest appearances on several popular panel shows including <i>Have I Got News for You</i>, <i>8 Out of 10 Cats</i>, <i>Would I Lie to You?</i>, <i>You Have Been Watching</i>, <i>Never Mind the Buzzcocks</i> (as guest host and team captain when Phill Jupitus was unavailab..."
194416,Mindy Kaling,,"
https://images.gr-assets.com/authors/1440718587p5/194416.jpg
","
https://images.gr-assets.com/authors/1440718587p2/194416.jpg
",https://www.goodreads.com/author/show/194416.Mindy_Kaling,3.89,634926,35464,"Mindy Kaling is an actor, writer, producer, and director. She currently stars in the Hulu original comedy series “The Mindy Project,"" which she also writes and executive produces.  <br /><br />Before ""The Mindy Project,"" Mindy was best known for her work on the critically acclaimed, Emmy Award-winning NBC show “The Office.” In addition to directing, producing, and portraying celebrity-obsessed Kelly Kapoor, Mindy wrote 18 episodes of the series, including the Emmy nominated episode “Niagra.”<..."
8154027,Davide Carnevali,,"
https://s.gr-assets.com/assets/nophoto/user/u_200x266-e183445fd1a1b5cc7075bb1cf7043306.png
","
https://s.gr-assets.com/assets/nophoto/user/u_50x66-632230dc9882b4352d753eedf9396530.png
",https://www.goodreads.com/author/show/8154027.Davide_Carnevali,3.69,26,5,
1325742,Narcis Comadira,,"
https://s.gr-assets.com/assets/nophoto/user/u_200x266-e183445fd1a1b5cc7075bb1cf7043306.png
","
https://s.gr-assets.com/assets/nophoto/user/u_50x66-632230dc9882b4352d753eedf9396530.png
",https://www.goodreads.com/author/show/1325742.Narcis_Comadira,3.61,18,1,
3011561,Lluisa Cunille,,"
https://s.gr-assets.com/assets/nophoto/user/u_200x266-e183445fd1a1b5cc7075bb1cf7043306.png
","
https://s.gr-assets.com/assets/nophoto/user/u_50x66-632230dc9882b4352d753eedf9396530.png
",https://www.goodreads.com/author/show/3011561.Lluisa_Cunille,3.43,49,6,
3024351,Δημήτρης Δημητριάδης (Dimitris Dimitriadis),,"
https://images.gr-assets.com/authors/1503137141p5/3024351.jpg
","
https://images.gr-assets.com/authors/1503137141p2/3024351.jpg
",https://www.goodreads.com/author/show/3024351._Dimitris_Dimitriadis_,3.72,876,129,
2760018,Najat El Hachmi,,"
https://images.gr-assets.com/authors/1571733598p5/2760018.jpg
","
https://images.gr-assets.com/authors/1571733598p2/2760018.jpg
",https://www.goodreads.com/author/show/2760018.Najat_El_Hachmi,3.77,1198,185,"At the age of 8, Najat El Hachmi immigrated with her family to Catalonia, Spain. She studied Arab literature at the University of Barcelona. She began writing when she was twelve years old and has continued ever since, first as entertainment, and later as a means to express concerns or to reflect and re-create her own reality, in the (at least) two cultures to which she belongs.<br />Her first book, Jo també sóc catalana (I am also Catalan, 2004), was strictly autobiographical, dealing with t..."
8391175,Gregorio Luri,,"
https://s.gr-assets.com/assets/nophoto/user/u_200x266-e183445fd1a1b5cc7075bb1cf7043306.png
","
https://s.gr-assets.com/assets/nophoto/user/u_50x66-632230dc9882b4352d753eedf9396530.png
",https://www.goodreads.com/author/show/8391175.Gregorio_Luri,4.06,125,26,
7702252,Marta Marín-Dòmine,,"
https://s.gr-assets.com/assets/nophoto/user/f_200x266-3061b784cc8e7f021c6430c9aba94587.png
","
https://s.gr-assets.com/assets/nophoto/user/f_50x66-6a03a5c12233c941481992b82eea8d23.png
",https://www.goodreads.com/author/show/7702252.Marta_Mar_n_D_mine,3.83,126,15,Marta Marín-Dòmine is an associate professor in the Department of Languages and Literatures at Wilfrid Laurier University. Her research is on the Spanish literature of concentration camps and on the field of memory representation of past violent events. She is presently working on a collaborative project to elaborate a Dictionary of Memory in Europe and Latin America.
7022874,Cristina Morales,,"
https://images.gr-assets.com/authors/1572166487p5/7022874.jpg
","
https://images.gr-assets.com/authors/1572166487p2/7022874.jpg
",https://www.goodreads.com/author/show/7022874.Cristina_Morales,3.95,2663,377,"Licenciada en Derecho y Ciencias Políticas y especialista en Relaciones Internacionales, es autora de las novelas Los combatientes (Caballo de Troya, 2013), galardonada con el Premio INJUVE de Narrativa 2012; Malas palabras (Lumen, 2015); y Terroristas modernos (Candaya, 2017). Sus cuentos han aparecido en numerosas antologías y revistas literarias. En 2017 le fue concedida la Beca de escritura Montserrat Roig, en 2015 la de la Fundación Han Nefkens y en 2007 la de la Fundación Antonio Gala p..."
416904,Valère Novarina,,"
https://images.gr-assets.com/authors/1572822134p5/416904.jpg
","
https://images.gr-assets.com/authors/1572822134p2/416904.jpg
",https://www.goodreads.com/author/show/416904.Val_re_Novarina,3.27,82,8,"The playwright, theatre theoretician and painter Valère Novarina was born in Chêne-Bougeries near Geneva, Switzerland, in 1947. The son of the architect Maurice Novarina and the actress Manon Trolliet spent his childhood and youth in Thonon-les-Bains in the region of Haute-Savoie, before he moved to Paris to study Philosophy and Philology at the Sorbonne. In 1958, Novarina became an author, and he has written almost daily ever since. His first play »L’atelier volant« (tr: The flying studio) w..."
210703,Perejaume,,"
https://s.gr-assets.com/assets/nophoto/user/m_200x266-d279b33f8eec0f27b7272477f09806be.png
","
https://s.gr-assets.com/assets/nophoto/user/m_50x66-82093808bca726cb3249a493fbd3bd0f.png
",https://www.goodreads.com/author/show/210703.Perejaume,3.69,13,1,
14138311,Xavier Albertí,Introducció,"
https://s.gr-assets.com/assets/nophoto/user/u_200x266-e183445fd1a1b5cc7075bb1cf7043306.png
","
https://s.gr-assets.com/assets/nophoto/user/u_50x66-632230dc9882b4352d753eedf9396530.png
",https://www.goodreads.com/author/show/14138311.Xavier_Albert_,3.83,6,0,
11291,Chimamanda Ngozi Adichie,,"
https://images.gr-assets.com/authors/1474446019p5/11291.jpg
","
https://images.gr-assets.com/authors/1474446019p2/11291.jpg
",https://www.goodreads.com/author/show/11291.Chimamanda_Ngozi_Adichie,4.34,739422,69566,"Chimamanda Ngozi Adichie grew up in Nigeria.<br /><br />Her work has been translated into over thirty languages and has appeared in various publications, including <i>The New Yorker</i>, <i>Granta</i>, <i>The O. Henry Prize Stories</i>, the <i>Financial Times</i>, and <i>Zoetrope</i>. She is the author of the novels <i>Purple Hibiscus</i>, which won the Commonwealth Writers’ Prize and the Hurston/Wright Legacy Award; <i>Half of a Yellow Sun</i>, which won the Orange Prize and was a National B..."
14588117,Cristina Domenech,,"
https://images.gr-assets.com/authors/1569148690p5/14588117.jpg
","
https://images.gr-assets.com/authors/1569148690p2/14588117.jpg
",https://www.goodreads.com/author/show/14588117.Cristina_Domenech,4.37,1165,258,
15521939,Andie J. Christopher,,"
https://images.gr-assets.com/authors/1547501759p5/15521939.jpg
","
https://images.gr-assets.com/authors/1547501759p2/15521939.jpg
",https://www.goodreads.com/author/show/15521939.Andie_J_Christopher,3.31,8632,1896,
20853197,Steve      Davis,,"
https://images.gr-assets.com/authors/1604343148p5/20853197.jpg
","
https://images.gr-assets.com/authors/1604343148p2/20853197.jpg
",https://www.goodreads.com/author/show/20853197.Steve_Davis,3.33,6,0,"Steve Davis is Senior Strategy Advisor and Interim China Country Office Director at the Bill &amp; Melinda Gates Foundation and a lecturer at the Stanford Graduate School of Business. He is also a Distinguished Fellow at the World Economic Forum, serves as co-chair of the World Health Organization's Digital Health Technical Advisory Group and is a member of numerous boards and advisory committees. He is the former president &amp; CEO of PATH, a leading global health innovation organization; f..."
392224,Chris Chibnall,,"
https://s.gr-assets.com/assets/nophoto/user/u_200x266-e183445fd1a1b5cc7075bb1cf7043306.png
","
https://s.gr-assets.com/assets/nophoto/user/u_50x66-632230dc9882b4352d753eedf9396530.png
",https://www.goodreads.com/author/show/392224.Chris_Chibnall,3.94,2137,226,
63341,Paul Cornell,,"
https://images.gr-assets.com/authors/1337689767p5/63341.jpg
","
https://images.gr-assets.com/authors/1337689767p2/63341.jpg
",https://www.goodreads.com/author/show/63341.Paul_Cornell,3.80,78508,8537,"Paul Cornell is a British writer of science fiction and fantasy prose, comics and television. He's been Hugo Award-nominated for all three media, and has won the BSFA Award for his short fiction, and the Eagle Award for his comics. He's the writer of Saucer Country for Vertigo, Demon Knights for DC, and has written for the Doctor Who TV series. His new urban fantasy novel is London Falling, out from Tor on December 6th. <br /><br />via Wikipedia @ <a target=""_blank"" rel=""noopener nofollow"" hr..."
64464,Russell T. Davies,,"
https://images.gr-assets.com/authors/1215099469p5/64464.jpg
","
https://images.gr-assets.com/authors/1215099469p2/64464.jpg
",https://www.goodreads.com/author/show/64464.Russell_T_Davies,4.25,7174,784,"Russell T Davies, OBE, is a Welsh television producer and writer. He is a prolific writer, best known for controversial drama serials such as <i>Queer as Folk</i> and <i>The Second Coming</i>, and for spearheading the revival of the popular science-fiction television series <i>Doctor Who</i>, and creating its spin-off series <i>Torchwood</i>. Both are largely filmed in Cardiff and the latter is set there."
1221698,Neil Gaiman,,"
https://images.gr-assets.com/authors/1234150163p5/1221698.jpg
","
https://images.gr-assets.com/authors/1234150163p2/1221698.jpg
",https://www.goodreads.com/author/show/1221698.Neil_Gaiman,4.13,6236076,374041,
74861,Mark Gatiss,,"
https://images.gr-assets.com/authors/1445341685p5/74861.jpg
","
https://images.gr-assets.com/authors/1445341685p2/74861.jpg
",https://www.goodreads.com/author/show/74861.Mark_Gatiss,3.91,22126,2118,"Mark Gatiss (born 17 October 1966) is an English actor, screenwriter and novelist. He is best known as a member of the comedy team The League of Gentlemen, and has both written for and acted in the TV series Doctor Who and Sherlock.<br /><br />Fulfilling a lifelong dream, Gatiss has written three episodes for the 2005-revived BBC television series Doctor Who. His first, ""The Unquiet Dead"", aired on 9 April 2005; the second, ""The Idiot's Lantern"", aired on 27 May 2006 as part of the second ser..."
20035897,Pete McTighe,,"
https://s.gr-assets.com/assets/nophoto/user/u_200x266-e183445fd1a1b5cc7075bb1cf7043306.png
","
https://s.gr-assets.com/assets/nophoto/user/u_50x66-632230dc9882b4352d753eedf9396530.png
",https://www.goodreads.com/author/show/20035897.Pete_McTighe,3.99,136,30,
812234,Steven Moffat,,"
https://images.gr-assets.com/authors/1307757543p5/812234.jpg
","
https://images.gr-assets.com/authors/1307757543p2/812234.jpg
",https://www.goodreads.com/author/show/812234.Steven_Moffat,4.29,11992,1294,"Steven Moffat is a Scottish television writer and producer.<br /><br />Moffat's first television work was the teen drama series Press Gang. His first sitcom, Joking Apart, was inspired by the breakdown of his first marriage; conversely, his later sitcom Coupling was based upon the development of his relationship with television producer Sue Vertue. In between the two relationship-centred shows, he wrote Chalk, a sitcom set in a comprehensive school inspired by his own experience as an English..."
8334075,Vinay Patel,,"
https://s.gr-assets.com/assets/nophoto/user/u_200x266-e183445fd1a1b5cc7075bb1cf7043306.png
","
https://s.gr-assets.com/assets/nophoto/user/u_50x66-632230dc9882b4352d753eedf9396530.png
",https://www.goodreads.com/author/show/8334075.Vinay_Patel,4.32,9025,979,
1351063,Joy Wilkinson,,"
https://s.gr-assets.com/assets/nophoto/user/u_200x266-e183445fd1a1b5cc7075bb1cf7043306.png
","
https://s.gr-assets.com/assets/nophoto/user/u_50x66-632230dc9882b4352d753eedf9396530.png
",https://www.goodreads.com/author/show/1351063.Joy_Wilkinson,3.84,698,147,
9831494,Desirée de Fez,,"
https://images.gr-assets.com/authors/1603394312p5/9831494.jpg
","
https://images.gr-assets.com/authors/1603394312p2/9831494.jpg
",https://www.goodreads.com/author/show/9831494.Desir_e_de_Fez,4.16,304,49,"Desirée de Fez (Barcelona, 1977) es periodista y crítica de cine,y está especializada en fantástico y terror. Columnista de El Periódico de Catalunya, colabora habitualmente en la revista Fotogramas, en La Finestra Indiscreta de Catalunya Ràdio y en los programas de televisión Página Dos y Punts de Vista, ambos de TVE. También es miembro del equipo del Festival Internacional de Cinema Fantàstic de Catalunya-Sitges y conduce el podcast Marea Nocturna (Radio Primavera Sound), programa de refere..."
190305,Sebastian Fitzek,,"
https://images.gr-assets.com/authors/1240566387p5/190305.jpg
","
https://images.gr-assets.com/authors/1240566387p2/190305.jpg
",https://www.goodreads.com/author/show/190305.Sebastian_Fitzek,3.99,110076,9549,"Sebastian Fitzek was born in Berlin in 1971. After going to law school and being promoted to LL.D., he decided against a juridical profession for a creative occupation in the media. After the traineeship at a private radio station he switched to the competition as head of entertainment and became chief editor later on, thereafter becoming an independent executive consultant and format developer for numerous media companies in Europe. He lives in Berlin and is currently working in the programm..."
1462,Julian Barnes,,"
https://images.gr-assets.com/authors/1606567988p5/1462.jpg
","
https://images.gr-assets.com/authors/1606567988p2/1462.jpg
",https://www.goodreads.com/author/show/1462.Julian_Barnes,3.71,278477,29396,"Julian Patrick Barnes is a contemporary English writer of postmodernism in literature. He has been shortlisted three times for the Man Booker Prize - Flaubert's Parrot (1984), England, England (1998), and Arthur &amp; George (2005), and won the prize for The Sense of an Ending (2011). He has written crime fiction under the pseudonym Dan Kavanagh.<br /><br />Following an education at the City of London School and Merton College, Oxford, he worked as a lexicographer for the Oxford English Dicti..."
20849135,Àlex Gombau Arnau,translator,"
https://s.gr-assets.com/assets/nophoto/user/u_200x266-e183445fd1a1b5cc7075bb1cf7043306.png
","
https://s.gr-assets.com/assets/nophoto/user/u_50x66-632230dc9882b4352d753eedf9396530.png
",https://www.goodreads.com/author/show/20849135._lex_Gombau_Arnau,5.00,1,1,
19993135,Maxim Huerta,,"
https://s.gr-assets.com/assets/nophoto/user/u_200x266-e183445fd1a1b5cc7075bb1cf7043306.png
","
https://s.gr-assets.com/assets/nophoto/user/u_50x66-632230dc9882b4352d753eedf9396530.png
",https://www.goodreads.com/author/show/19993135.Maxim_Huerta,2.00,1,1,
2533,Graham Greene,,"
https://images.gr-assets.com/authors/1254688603p5/2533.jpg
","
https://images.gr-assets.com/authors/1254688603p2/2533.jpg
",https://www.goodreads.com/author/show/2533.Graham_Greene,3.87,315189,22654,"Henry Graham Greene, OM, CH was an English novelist, short story writer, playwright, screenplay writer, travel writer and critic whose works explore the ambivalent moral and political issues of the modern world. Greene combined serious literary acclaim with wide popularity.<br /><br />Although Greene objected strongly to being described as a “Catholic novelist” rather than as a “novelist who happened to be Catholic,” Catholic religious themes are at the root of much of his writing, especially..."
3350895,Maria Àngels Anglada,,"
https://images.gr-assets.com/authors/1325010092p5/3350895.jpg
","
https://images.gr-assets.com/authors/1325010092p2/3350895.jpg
",https://www.goodreads.com/author/show/3350895.Maria_ngels_Anglada,3.63,4175,510,"Maria Àngels Anglada was a Catalan poet and novelist. She was born in Vic, Catalonia, in 1930. She received a degree in Classical Philology at the University of Barcelona. Her first novel, <i>Les closes</i>, won the Josep Pla Prize. Her 1985 novel <i>Sandàlies d'escuma</i> (Sandals of foam) won the Lletra d'Or prize. She died in 1999. "
75287,Jean-Dominique Bauby,,"
https://images.gr-assets.com/authors/1306604924p5/75287.jpg
","
https://images.gr-assets.com/authors/1306604924p2/75287.jpg
",https://www.goodreads.com/author/show/75287.Jean_Dominique_Bauby,3.99,61251,4675,"Jean-Dominique Bauby was a well-known French journalist and author and editor of the French fashion magazine, ELLE.<br />On December 8, 1995 at the age of 43, Bauby suffered a massive stroke. When he woke up twenty days later, he found he was entirely speechless; he could only blink his left eyelid. This rare condition is called Locked-in Syndrome, a condition wherein the mental faculties are intact but the entire body is paralyzed. Bauby also lost 60 pounds in the first 20 weeks after his st..."
7568251,Pau Joan Hernàndez,translator,"
https://s.gr-assets.com/assets/nophoto/user/u_200x266-e183445fd1a1b5cc7075bb1cf7043306.png
","
https://s.gr-assets.com/assets/nophoto/user/u_50x66-632230dc9882b4352d753eedf9396530.png
",https://www.goodreads.com/author/show/7568251.Pau_Joan_Hern_ndez,3.32,219,25,
1017974,Oscar Martín,,"
https://s.gr-assets.com/assets/nophoto/user/m_200x266-d279b33f8eec0f27b7272477f09806be.png
","
https://s.gr-assets.com/assets/nophoto/user/m_50x66-82093808bca726cb3249a493fbd3bd0f.png
",https://www.goodreads.com/author/show/1017974.Oscar_Mart_n,3.61,403,44,
127314,Otfried Preußler,,"
https://images.gr-assets.com/authors/1230114170p5/127314.jpg
","
https://images.gr-assets.com/authors/1230114170p2/127314.jpg
",https://www.goodreads.com/author/show/127314.Otfried_Preu_ler,4.12,37065,1142,"Otfried Preußler (sometimes spelled as Otfried Preussler) was a German children's books author. His best-known works are <i>The Robber Hotzenplotz</i> and <i>The Satanic Mill</i> (Krabat).<br /><br />He won the Deutscher Jugendliteraturpreis in 1972 for <i>Krabat</i>.<br />He has sold roughly 50 million copies worldwide.<br /><br />He was born in Liberec (German: Reichenberg), Czechoslovakia. His forefathers had lived in this area since the 15th century, working in the glass industry. His par..."
15864567,علی جعفری,مترجم,"
https://s.gr-assets.com/assets/nophoto/user/u_200x266-e183445fd1a1b5cc7075bb1cf7043306.png
","
https://s.gr-assets.com/assets/nophoto/user/u_50x66-632230dc9882b4352d753eedf9396530.png
",https://www.goodreads.com/author/show/15864567._,3.31,13,5,
6981657,عذرا جعفرآبادی,مترجم,"
https://s.gr-assets.com/assets/nophoto/user/u_200x266-e183445fd1a1b5cc7075bb1cf7043306.png
","
https://s.gr-assets.com/assets/nophoto/user/u_50x66-632230dc9882b4352d753eedf9396530.png
",https://www.goodreads.com/author/show/6981657._,3.73,11,1,
796473,Greg Alexander,,"
https://s.gr-assets.com/assets/nophoto/user/m_200x266-d279b33f8eec0f27b7272477f09806be.png
","
https://s.gr-assets.com/assets/nophoto/user/m_50x66-82093808bca726cb3249a493fbd3bd0f.png
",https://www.goodreads.com/author/show/796473.Greg_Alexander,3.92,119,11,
586674,Luca Enoch,,"
https://images.gr-assets.com/authors/1392490064p5/586674.jpg
","
https://images.gr-assets.com/authors/1392490064p2/586674.jpg
",https://www.goodreads.com/author/show/586674.Luca_Enoch,3.87,3296,363,"Nato a Milano il 12 giugno 1962, inizia l'attività come grafico e illustratore sia nel settore editoriale che pubblicitario. L'esordio professionale avviene nel 1991, su Fumo di China, con la storia fantasy ""Eliah"", mentre è del 1992 il breve racconto ""Bersek"", uscito sull'Intrepido. Solo qualche mese dopo, dà vita, sulla stessa testata, a ""Sprayliz"", una teenager amante dei graffiti urbani. In seguito realizza la striscia ""Skaters"" e il personaggio di ""Piotr”. Per la Casa editrice Bonelli, d..."
4826199,Alessandro Bignamini,Illustrator,"
https://s.gr-assets.com/assets/nophoto/user/u_200x266-e183445fd1a1b5cc7075bb1cf7043306.png
","
https://s.gr-assets.com/assets/nophoto/user/u_50x66-632230dc9882b4352d753eedf9396530.png
",https://www.goodreads.com/author/show/4826199.Alessandro_Bignamini,3.74,492,57,
20893306,Damian,,"
https://s.gr-assets.com/assets/nophoto/user/u_200x266-e183445fd1a1b5cc7075bb1cf7043306.png
","
https://s.gr-assets.com/assets/nophoto/user/u_50x66-632230dc9882b4352d753eedf9396530.png
",https://www.goodreads.com/author/show/20893306.Damian,3.40,5,2,
18029181,Nico Naranjo,,"
https://s.gr-assets.com/assets/nophoto/user/u_200x266-e183445fd1a1b5cc7075bb1cf7043306.png
","
https://s.gr-assets.com/assets/nophoto/user/u_50x66-632230dc9882b4352d753eedf9396530.png
",https://www.goodreads.com/author/show/18029181.Nico_Naranjo,2.14,21,14,
